{"cameraMode":{"drawMode":0,"name":"Shaded","section":"Shading Mode"},"sceneLighting":false,"audioPlay":false,"sceneViewState":{"m_AlwaysRefresh":false,"showFog":true,"showSkybox":false,"showFlares":true,"showImageEffects":true,"showParticleSystems":true,"showVisualEffectGraphs":true,"m_FxEnabled":true},"in2DMode":false,"pivot":{"x":0.5187265276908875,"y":0.6424230933189392,"z":-0.04198932647705078},"rotation":{"x":0.32322660088539126,"y":0.29533150792121889,"z":-0.10693198442459107,"w":0.8926840424537659},"size":0.7394512295722961,"orthographic":true}