{"cameraMode":{"drawMode":0,"name":"Shaded","section":"Shading Mode"},"sceneLighting":false,"audioPlay":false,"sceneViewState":{"m_AlwaysRefresh":false,"showFog":true,"showSkybox":false,"showFlares":true,"showImageEffects":true,"showParticleSystems":true,"showVisualEffectGraphs":true,"m_FxEnabled":true},"in2DMode":false,"pivot":{"x":0.3346102833747864,"y":-0.20432642102241517,"z":0.28701281547546389},"rotation":{"x":0.2766370475292206,"y":-0.5732972025871277,"z":0.2140142172574997,"w":0.7409589290618897},"size":0.3751070201396942,"orthographic":true}