{"cameraMode":{"drawMode":0,"name":"Shaded","section":"Shading Mode"},"sceneLighting":false,"audioPlay":false,"sceneViewState":{"m_AlwaysRefresh":false,"showFog":true,"showSkybox":true,"showFlares":true,"showImageEffects":true,"showParticleSystems":true,"showVisualEffectGraphs":true,"m_FxEnabled":false},"in2DMode":false,"pivot":{"x":-7.48082971572876,"y":0.14768707752227784,"z":-0.010082721710205078},"rotation":{"x":0.3502817153930664,"y":-0.011239464394748211,"z":0.0042036413215100769,"w":0.9365691542625427},"size":45.725318908691409,"orthographic":true}