{"cameraMode":{"drawMode":0,"name":"Shaded","section":"Shading Mode"},"sceneLighting":true,"audioPlay":false,"sceneViewState":{"m_AlwaysRefresh":false,"showFog":true,"showSkybox":true,"showFlares":true,"showImageEffects":true,"showParticleSystems":true,"showVisualEffectGraphs":true,"m_FxEnabled":true},"in2DMode":false,"pivot":{"x":-9.129257202148438,"y":-5.130000114440918,"z":9.723461151123047},"rotation":{"x":0.12750773131847382,"y":0.2843574285507202,"z":-0.038188740611076358,"w":0.9494321346282959},"size":0.014058097265660763,"orthographic":false}