{"cameraMode":{"drawMode":0,"name":"Shaded","section":"Shading Mode"},"sceneLighting":true,"audioPlay":false,"sceneViewState":{"m_AlwaysRefresh":false,"showFog":true,"showSkybox":true,"showFlares":true,"showImageEffects":true,"showParticleSystems":true,"showVisualEffectGraphs":true,"m_FxEnabled":true},"in2DMode":false,"pivot":{"x":-2.2625865936279299,"y":1.4458966255187989,"z":-1.276207447052002},"rotation":{"x":0.7076104283332825,"y":0.022031661123037339,"z":-0.02208459936082363,"w":0.7059141993522644},"size":4.644438743591309,"orthographic":true}