{"cameraMode":{"drawMode":0,"name":"Shaded","section":"Shading Mode"},"sceneLighting":false,"audioPlay":false,"sceneViewState":{"m_AlwaysRefresh":false,"showFog":true,"showSkybox":false,"showFlares":true,"showImageEffects":true,"showParticleSystems":true,"showVisualEffectGraphs":true,"m_FxEnabled":true},"in2DMode":false,"pivot":{"x":0.184894859790802,"y":-1.0702427625656129,"z":2.7690227031707765},"rotation":{"x":0.34935665130615237,"y":-0.044955141842365268,"z":0.01678011752665043,"w":0.9357728958129883},"size":2.0904898643493654,"orthographic":false}