{"cameraMode":{"drawMode":0,"name":"Shaded","section":"Shading Mode"},"sceneLighting":true,"audioPlay":false,"sceneViewState":{"m_AlwaysRefresh":false,"showFog":true,"showSkybox":true,"showFlares":true,"showImageEffects":true,"showParticleSystems":true,"showVisualEffectGraphs":true,"m_FxEnabled":true},"in2DMode":false,"pivot":{"x":-1.3923977613449097,"y":0.8414662480354309,"z":3.59775972366333},"rotation":{"x":0.10564841330051422,"y":-0.7982048988342285,"z":0.14672686159610749,"w":0.5746693015098572},"size":3.0194244384765627,"orthographic":true}