{"cameraMode":{"drawMode":0,"name":"Shaded","section":"Shading Mode"},"sceneLighting":false,"audioPlay":false,"sceneViewState":{"m_AlwaysRefresh":false,"showFog":true,"showSkybox":false,"showFlares":true,"showImageEffects":true,"showParticleSystems":true,"showVisualEffectGraphs":true,"m_FxEnabled":true},"in2DMode":false,"pivot":{"x":0.25300002098083498,"y":0.46000000834465029,"z":0.32396697998046877},"rotation":{"x":0.24891354143619538,"y":-0.3701152205467224,"z":0.10362743586301804,"w":0.8890050053596497},"size":0.5283288359642029,"orthographic":true}